Timestamp,Modello,Task,Temperatura,Stressor,Prompt_Throughput_ts,Generation_Throughput_ts,TTFT_ms,Jitter_ms,Temp_C_Avg,Temp_C_Max,Power_mW_Avg,JSON_Validity,Lexical_Similarity,CPU_Freq_MHz_Avg,Context_Switches_per_sec,Cache_Misses,Branch_Misses
2026-07-17 13:40:21,Qwen2.5-7B-Instruct,JSON_Extraction,0.0,Baseline_NoStress,81.0,78.0,4301.27,13468.68,48.55,49.5,2829.93,1.0,1.0,1060.03,4226.05,81543842,9689121
2026-07-17 13:40:34,Qwen2.5-7B-Instruct,JSON_Extraction,0.0,Baseline_NoStress,86.0,78.0,4408.75,13446.49,48.83,49.47,2952.37,1.0,1.0,1179.31,20408.09,82309033,9793935
2026-07-17 13:40:47,Qwen2.5-7B-Instruct,JSON_Extraction,0.0,Baseline_NoStress,88.0,78.0,4205.68,13418.97,48.64,49.5,1867.16,1.0,1.0,1052.1,4070.01,80624351,9729368
2026-07-17 13:41:00,Qwen2.5-7B-Instruct,JSON_Extraction,0.0,Baseline_NoStress,95.0,77.0,4164.22,13437.71,48.94,49.69,2416.53,1.0,1.0,1108.42,12216.31,82788383,9721551
2026-07-17 13:41:13,Qwen2.5-7B-Instruct,JSON_Extraction,0.0,Baseline_NoStress,70.0,76.0,4001.09,13298.02,48.94,50.69,2191.49,1.0,1.0,1192.53,21444.69,86323695,9748016
2026-07-17 13:41:27,Qwen2.5-7B-Instruct,JSON_Extraction,0.0,Baseline_NoStress,57.0,68.0,4071.56,14289.3,49.01,50.53,2530.0,1.0,1.0,1155.1,7486.06,86558425,9748014
2026-07-17 13:41:40,Qwen2.5-7B-Instruct,JSON_Extraction,0.0,Baseline_NoStress,93.0,62.0,4259.05,14972.05,49.44,50.59,3235.69,1.0,1.0,1315.99,33720.07,85794320,9980091
2026-07-17 13:41:53,Qwen2.5-7B-Instruct,JSON_Extraction,0.0,Baseline_NoStress,87.0,72.0,4237.83,13707.9,49.07,50.75,2448.72,1.0,1.0,1173.75,5676.47,86919285,9724179
2026-07-17 13:42:07,Qwen2.5-7B-Instruct,JSON_Extraction,0.0,Baseline_NoStress,28.0,77.0,4484.97,13467.76,49.79,50.34,4409.61,1.0,1.0,1390.13,35994.42,83410777,9764618
2026-07-17 13:42:20,Qwen2.5-7B-Instruct,JSON_Extraction,0.0,Baseline_NoStress,57.0,78.0,4160.51,13456.01,49.37,50.19,2791.62,1.0,1.0,1256.77,4124.84,83035002,9783535
2026-07-17 13:42:55,Qwen2.5-7B-Instruct,JSON_Extraction,0.0,CPU_Matrix_W4,41.0,76.0,4149.82,13591.79,50.0,50.94,4687.81,1.0,1.0,1497.6,9410.62,84339588,9777544
2026-07-17 13:43:29,Qwen2.5-7B-Instruct,JSON_Extraction,0.0,CPU_Matrix_W4,17.0,77.0,3963.53,13508.2,49.82,50.91,4163.12,1.0,1.0,1497.6,3658.0,84825674,9675981
2026-07-17 13:44:03,Qwen2.5-7B-Instruct,JSON_Extraction,0.0,CPU_Matrix_W4,2.0,76.0,4198.22,13430.86,50.07,50.81,5002.46,1.0,1.0,1497.6,12409.71,84954961,9766766
2026-07-17 13:44:37,Qwen2.5-7B-Instruct,JSON_Extraction,0.0,CPU_Matrix_W4,49.0,76.0,4107.07,13595.54,50.15,51.06,4114.32,1.0,1.0,1497.6,4153.42,84592335,9720831
2026-07-17 13:45:11,Qwen2.5-7B-Instruct,JSON_Extraction,0.0,CPU_Matrix_W4,88.0,76.0,4244.88,13535.5,50.11,51.06,4725.94,1.0,1.0,1410.08,11270.07,84362834,9768291
2026-07-17 13:45:45,Qwen2.5-7B-Instruct,JSON_Extraction,0.0,CPU_Matrix_W4,7.0,74.0,3920.91,13646.11,49.97,51.22,4144.29,1.0,1.0,1497.6,3764.13,85369329,9787850
2026-07-17 13:46:19,Qwen2.5-7B-Instruct,JSON_Extraction,0.0,CPU_Matrix_W4,65.0,76.0,4084.49,13532.73,50.21,51.0,4771.24,1.0,1.0,1497.6,11551.62,83882604,9792645
2026-07-17 13:46:53,Qwen2.5-7B-Instruct,JSON_Extraction,0.0,CPU_Matrix_W4,94.0,73.0,3819.44,13742.85,50.04,51.16,4213.54,1.0,1.0,1497.6,4725.44,84703215,9759034
2026-07-17 13:47:27,Qwen2.5-7B-Instruct,JSON_Extraction,0.0,CPU_Matrix_W4,72.0,77.0,4126.53,13510.53,50.53,51.19,4659.94,1.0,1.0,1451.16,9410.13,83349166,9793790
2026-07-17 13:48:01,Qwen2.5-7B-Instruct,JSON_Extraction,0.0,CPU_Matrix_W4,28.0,77.0,3985.78,13548.38,50.16,51.09,4148.34,1.0,1.0,1497.6,4262.47,84171512,9746309
2026-07-17 13:48:16,Qwen2.5-7B-Instruct,JSON_Extraction,0.0,CPU_FFT_W4,75.0,77.0,4132.62,13467.47,49.75,50.59,2615.69,1.0,1.0,1185.57,13641.83,84141617,9751124
2026-07-17 13:48:32,Qwen2.5-7B-Instruct,JSON_Extraction,0.0,CPU_FFT_W4,51.0,18.0,4192.16,23319.22,49.81,51.44,2918.62,1.0,1.0,1239.67,27156.87,82304095,9844557
2026-07-17 13:48:47,Qwen2.5-7B-Instruct,JSON_Extraction,0.0,CPU_FFT_W4,48.0,75.0,4154.76,13377.94,49.59,51.0,2400.13,1.0,1.0,1107.82,5864.91,82424388,9765847
2026-07-17 13:49:02,Qwen2.5-7B-Instruct,JSON_Extraction,0.0,CPU_FFT_W4,88.0,77.0,4404.56,13515.32,49.78,50.75,3114.26,1.0,1.0,1252.65,32920.93,82686646,9798121
2026-07-17 13:49:17,Qwen2.5-7B-Instruct,JSON_Extraction,0.0,CPU_FFT_W4,21.0,77.0,3987.13,13507.9,49.47,50.5,1842.54,1.0,1.0,1054.63,4753.4,84435028,9719265
2026-07-17 13:49:33,Qwen2.5-7B-Instruct,JSON_Extraction,0.0,CPU_FFT_W4,96.0,77.0,4209.66,13501.12,49.62,50.62,2508.61,1.0,1.0,1146.49,7750.26,82734183,9748478
2026-07-17 13:49:48,Qwen2.5-7B-Instruct,JSON_Extraction,0.0,CPU_FFT_W4,29.0,17.0,3987.34,23885.49,49.7,51.09,2808.64,1.0,1.0,1182.67,30846.84,84264044,9812528
2026-07-17 13:50:03,Qwen2.5-7B-Instruct,JSON_Extraction,0.0,CPU_FFT_W4,48.0,78.0,4207.71,13375.84,49.81,50.53,2884.78,1.0,1.0,1276.43,4348.91,84433763,9780926
2026-07-17 13:50:18,Qwen2.5-7B-Instruct,JSON_Extraction,0.0,CPU_FFT_W4,73.0,77.0,4128.13,13495.49,49.54,50.59,2528.31,1.0,1.0,1124.03,11464.07,83720746,9793366
2026-07-17 13:50:34,Qwen2.5-7B-Instruct,JSON_Extraction,0.0,CPU_FFT_W4,20.0,77.0,4087.89,13482.38,49.47,50.75,1973.55,1.0,1.0,1089.35,23506.24,82848941,9754282
2026-07-17 13:51:08,Qwen2.5-7B-Instruct,JSON_Extraction,0.0,MEM_Stream_W4,52.0,23.0,4797.76,20187.54,50.74,51.66,4404.28,1.0,1.0,1497.33,5482.01,131620469,9853442
2026-07-17 13:51:42,Qwen2.5-7B-Instruct,JSON_Extraction,0.0,MEM_Stream_W4,26.0,52.0,4761.38,60992.65,51.4,52.22,4175.3,1.0,1.0,1497.6,16503.96,117408425,9993628
2026-07-17 13:52:16,Qwen2.5-7B-Instruct,JSON_Extraction,0.0,MEM_Stream_W4,86.0,46.0,5082.83,16083.33,51.85,52.69,4472.38,1.0,1.0,1479.53,12181.13,128811564,9955495
2026-07-17 13:52:50,Qwen2.5-7B-Instruct,JSON_Extraction,0.0,MEM_Stream_W4,23.0,47.0,4895.58,15883.7,51.89,52.53,4342.53,1.0,1.0,1497.6,4086.72,130918526,9924263
2026-07-17 13:53:24,Qwen2.5-7B-Instruct,JSON_Extraction,0.0,MEM_Stream_W4,62.0,46.0,4999.43,51882.46,52.23,53.12,4508.68,1.0,1.0,1497.6,19572.73,130016316,10075090
2026-07-17 13:53:58,Qwen2.5-7B-Instruct,JSON_Extraction,0.0,MEM_Stream_W4,34.0,44.0,4665.8,16162.47,52.2,53.03,4461.99,1.0,1.0,1497.6,6593.85,137236769,9905029
2026-07-17 13:54:32,Qwen2.5-7B-Instruct,JSON_Extraction,0.0,MEM_Stream_W4,77.0,47.0,4688.97,15839.87,52.16,53.38,3993.24,1.0,1.0,1497.16,3733.93,131298384,9788005
2026-07-17 13:55:06,Qwen2.5-7B-Instruct,JSON_Extraction,0.0,MEM_Stream_W4,92.0,37.0,5612.53,16894.94,52.74,53.5,5350.4,1.0,1.0,1497.6,24999.53,134748781,10016476
2026-07-17 13:55:40,Qwen2.5-7B-Instruct,JSON_Extraction,0.0,MEM_Stream_W4,78.0,19.0,4734.69,20053.21,52.56,53.34,4412.82,1.0,1.0,1497.6,5480.05,128736834,9849245
2026-07-17 13:56:14,Qwen2.5-7B-Instruct,JSON_Extraction,0.0,MEM_Stream_W4,87.0,42.0,4592.97,66383.49,52.52,53.84,4229.6,1.0,1.0,1495.65,14561.56,136760059,9913620
2026-07-17 13:56:48,Qwen2.5-7B-Instruct,JSON_Extraction,0.0,MEM_VM_W4,75.0,73.0,4548.92,13765.01,52.43,53.25,4018.33,1.0,1.0,1491.18,12099.0,97208943,9826816
2026-07-17 13:57:22,Qwen2.5-7B-Instruct,JSON_Extraction,0.0,MEM_VM_W4,25.0,73.0,4233.81,13740.7,52.07,52.78,3424.46,1.0,1.0,1497.6,3212.32,95570500,9789749
2026-07-17 13:57:56,Qwen2.5-7B-Instruct,JSON_Extraction,0.0,MEM_VM_W4,45.0,74.0,4995.66,13687.41,52.34,52.75,4380.09,1.0,1.0,1485.91,24339.61,97715164,9874303
2026-07-17 13:58:30,Qwen2.5-7B-Instruct,JSON_Extraction,0.0,MEM_VM_W4,98.0,43.0,4225.38,17057.93,52.08,52.97,3788.54,1.0,1.0,1497.6,4887.0,95705436,9820125
2026-07-17 13:59:04,Qwen2.5-7B-Instruct,JSON_Extraction,0.0,MEM_VM_W4,96.0,25.0,5027.49,19597.5,52.62,53.09,5404.99,1.0,1.0,1497.6,23066.36,98773421,10316234
2026-07-17 13:59:38,Qwen2.5-7B-Instruct,JSON_Extraction,0.0,MEM_VM_W4,24.0,38.0,4322.91,19598.52,51.79,52.69,3867.68,1.0,1.0,1497.6,4867.84,96717845,9845861
2026-07-17 14:00:12,Qwen2.5-7B-Instruct,JSON_Extraction,0.0,MEM_VM_W4,8.0,67.0,5488.07,14041.39,52.11,52.81,4756.52,1.0,1.0,1497.6,24399.65,97565982,9969167
2026-07-17 14:00:46,Qwen2.5-7B-Instruct,JSON_Extraction,0.0,MEM_VM_W4,47.0,34.0,4360.29,19844.94,51.84,52.56,3822.57,1.0,1.0,1497.6,5641.88,97361712,9868397
2026-07-17 14:01:21,Qwen2.5-7B-Instruct,JSON_Extraction,0.0,MEM_VM_W4,42.0,54.0,5277.32,15323.58,52.44,52.84,5453.61,1.0,1.0,1497.6,21725.08,94933305,10072094
2026-07-17 14:01:55,Qwen2.5-7B-Instruct,JSON_Extraction,0.0,MEM_VM_W4,27.0,72.0,4507.54,13873.85,51.84,52.62,3884.45,1.0,1.0,1497.6,4825.79,94516938,9837284
2026-07-17 14:02:29,Qwen2.5-7B-Instruct,JSON_Extraction,0.0,CACHE_L1_W4,99.0,74.0,4945.24,13739.48,52.14,52.81,5098.24,1.0,1.0,1491.75,24918.73,86740125,9880739
2026-07-17 14:03:04,Qwen2.5-7B-Instruct,JSON_Extraction,0.0,CACHE_L1_W4,91.0,78.0,4136.59,13468.72,51.21,51.75,3646.5,1.0,1.0,1497.6,4374.27,85736634,9680179
2026-07-17 14:03:39,Qwen2.5-7B-Instruct,JSON_Extraction,0.0,CACHE_L1_W4,76.0,76.0,4370.71,13551.69,51.28,51.91,4393.56,1.0,1.0,1497.6,13245.88,85369179,9800020
2026-07-17 14:04:14,Qwen2.5-7B-Instruct,JSON_Extraction,0.0,CACHE_L1_W4,88.0,75.0,3946.49,13576.9,50.76,52.12,3505.22,1.0,1.0,1497.6,5249.6,85229126,9776785
2026-07-17 14:04:49,Qwen2.5-7B-Instruct,JSON_Extraction,0.0,CACHE_L1_W4,61.0,75.0,3988.56,13155.54,50.98,51.91,4069.45,1.0,1.0,1497.6,8763.77,85122504,9815694
2026-07-17 14:05:24,Qwen2.5-7B-Instruct,JSON_Extraction,0.0,CACHE_L1_W4,82.0,56.0,3876.18,48434.9,51.15,51.88,4112.5,1.0,1.0,1497.6,17868.37,84335167,9945955
2026-07-17 14:05:58,Qwen2.5-7B-Instruct,JSON_Extraction,0.0,CACHE_L1_W4,43.0,48.0,3975.43,17525.31,50.74,51.72,3996.73,1.0,1.0,1497.6,6287.28,84024588,9837430
2026-07-17 14:06:33,Qwen2.5-7B-Instruct,JSON_Extraction,0.0,CACHE_L1_W4,8.0,20.0,4968.23,20545.92,50.75,51.81,4129.87,1.0,1.0,1497.07,21780.63,85520522,9996612
2026-07-17 14:07:08,Qwen2.5-7B-Instruct,JSON_Extraction,0.0,CACHE_L1_W4,64.0,51.0,4094.62,16972.25,50.52,51.41,3949.95,1.0,1.0,1436.19,5053.16,83254552,9799296
2026-07-17 14:07:43,Qwen2.5-7B-Instruct,JSON_Extraction,0.0,CACHE_L1_W4,72.0,74.0,4570.35,13707.58,50.89,51.5,4760.76,1.0,1.0,1497.6,22196.05,85555219,9882876
2026-07-17 14:08:17,Qwen2.5-7B-Instruct,JSON_Extraction,0.0,SCHED_Switch_W4,97.0,78.0,4244.34,13480.4,50.83,51.56,5045.79,1.0,1.0,1307.22,1705543.56,83609600,9936937
2026-07-17 14:08:51,Qwen2.5-7B-Instruct,JSON_Extraction,0.0,SCHED_Switch_W4,98.0,90.0,4571.9,28641.99,50.99,51.72,5453.58,1.0,1.0,1338.44,1576611.69,94913414,10198316
2026-07-17 14:09:25,Qwen2.5-7B-Instruct,JSON_Extraction,0.0,SCHED_Switch_W4,35.0,45.0,4091.56,16851.98,50.95,51.66,5197.53,1.0,1.0,1290.98,1697456.84,84224842,9991250
2026-07-17 14:09:59,Qwen2.5-7B-Instruct,JSON_Extraction,0.0,SCHED_Switch_W4,4.0,74.0,4069.61,13457.12,50.6,51.69,4466.6,1.0,1.0,1171.75,1540492.77,83077699,9816570
2026-07-17 14:10:33,Qwen2.5-7B-Instruct,JSON_Extraction,0.0,SCHED_Switch_W4,72.0,72.0,4262.32,13893.68,50.85,51.75,5160.62,1.0,1.0,1245.12,1652091.06,84236316,9933009
2026-07-17 14:11:07,Qwen2.5-7B-Instruct,JSON_Extraction,0.0,SCHED_Switch_W4,61.0,78.0,4180.51,13373.33,50.55,51.56,4488.91,1.0,1.0,1078.21,1671764.46,82985747,9785654
2026-07-17 14:11:41,Qwen2.5-7B-Instruct,JSON_Extraction,0.0,SCHED_Switch_W4,21.0,66.0,5265.29,14313.35,51.18,51.66,6012.45,1.0,1.0,1384.19,1590357.43,89224939,10109791
2026-07-17 14:12:15,Qwen2.5-7B-Instruct,JSON_Extraction,0.0,SCHED_Switch_W4,64.0,41.0,4114.61,19150.54,50.8,51.62,5218.55,1.0,1.0,1255.57,1692876.76,86567260,9943026
2026-07-17 14:12:49,Qwen2.5-7B-Instruct,JSON_Extraction,0.0,SCHED_Switch_W4,60.0,49.0,4050.56,49918.81,50.79,51.69,5379.68,1.0,1.0,1333.68,1555279.82,85581854,10020842
2026-07-17 14:13:23,Qwen2.5-7B-Instruct,JSON_Extraction,0.0,SCHED_Switch_W4,99.0,73.0,4157.85,13721.47,50.81,51.66,5151.23,1.0,1.0,1250.37,1732627.08,84836053,9933052
2026-07-17 14:13:35,Qwen2.5-7B-Instruct,JSON_Extraction,0.5,Baseline_NoStress,73.0,78.0,4057.78,13516.75,50.11,51.03,2630.31,1.0,1.0,1293.84,4860.17,83462128,9859728
2026-07-17 14:13:48,Qwen2.5-7B-Instruct,JSON_Extraction,0.5,Baseline_NoStress,98.0,78.0,4291.08,13457.17,50.11,50.94,3212.25,1.0,1.0,1285.78,37422.18,82619000,9752510
2026-07-17 14:14:01,Qwen2.5-7B-Instruct,JSON_Extraction,0.5,Baseline_NoStress,28.0,78.0,4143.72,13436.88,49.6,50.44,2005.87,1.0,1.0,1057.0,3722.42,82381656,9748384
2026-07-17 14:14:15,Qwen2.5-7B-Instruct,JSON_Extraction,0.5,Baseline_NoStress,13.0,78.0,4222.45,13401.98,49.86,50.75,2508.69,1.0,1.0,1153.66,14283.5,83477730,9762832
2026-07-17 14:14:28,Qwen2.5-7B-Instruct,JSON_Extraction,0.5,Baseline_NoStress,26.0,77.0,4276.72,13523.08,49.64,50.81,1816.43,1.0,1.0,1031.88,4921.86,82743219,9699962
2026-07-17 14:14:41,Qwen2.5-7B-Instruct,JSON_Extraction,0.5,Baseline_NoStress,4.0,77.0,4169.07,13494.23,49.85,50.84,2506.62,1.0,1.0,1126.11,9553.14,82556005,9766715
2026-07-17 14:14:55,Qwen2.5-7B-Instruct,JSON_Extraction,0.5,Baseline_NoStress,47.0,16.0,4080.7,28230.21,49.94,51.31,2953.49,1.0,1.0,1219.54,27459.48,83047868,9817238
2026-07-17 14:15:08,Qwen2.5-7B-Instruct,JSON_Extraction,0.5,Baseline_NoStress,55.0,78.0,4086.38,13349.88,49.86,51.19,2405.65,1.0,1.0,1158.53,7236.49,83476977,9774042
2026-07-17 14:15:21,Qwen2.5-7B-Instruct,JSON_Extraction,0.5,Baseline_NoStress,9.0,20.0,4137.17,24335.19,50.04,51.56,2998.0,1.0,1.0,1161.54,31225.16,82535183,9810163
2026-07-17 14:15:35,Qwen2.5-7B-Instruct,JSON_Extraction,0.5,Baseline_NoStress,95.0,74.0,4124.61,13603.5,49.78,51.12,2355.07,1.0,1.0,1126.31,5909.37,83082590,9751191
2026-07-17 14:16:10,Qwen2.5-7B-Instruct,JSON_Extraction,0.5,CPU_Matrix_W4,13.0,76.0,4377.7,13553.4,50.47,51.38,4816.89,1.0,1.0,1497.6,12069.06,85059753,9882560
2026-07-17 14:16:44,Qwen2.5-7B-Instruct,JSON_Extraction,0.5,CPU_Matrix_W4,8.0,76.0,4079.62,13638.81,50.48,51.34,4104.12,1.0,1.0,1497.6,4417.82,85004620,9748290
2026-07-17 14:17:18,Qwen2.5-7B-Instruct,JSON_Extraction,0.5,CPU_Matrix_W4,76.0,76.0,4122.29,13575.18,50.6,51.56,4820.67,1.0,1.0,1497.6,12730.04,85630621,9780619
2026-07-17 14:17:52,Qwen2.5-7B-Instruct,JSON_Extraction,0.5,CPU_Matrix_W4,89.0,78.0,4092.46,13472.96,50.54,51.03,4270.82,1.0,1.0,1497.6,3153.01,83349161,9733163
2026-07-17 14:18:26,Qwen2.5-7B-Instruct,JSON_Extraction,0.5,CPU_Matrix_W4,22.0,76.0,4502.5,13576.19,50.94,51.72,5324.42,1.0,1.0,1497.6,22463.65,85507655,9800236
2026-07-17 14:19:00,Qwen2.5-7B-Instruct,JSON_Extraction,0.5,CPU_Matrix_W4,11.0,78.0,4167.03,13419.85,50.79,51.56,4715.77,1.0,1.0,1497.6,3627.05,84117517,9839111
2026-07-17 14:19:34,Qwen2.5-7B-Instruct,JSON_Extraction,0.5,CPU_Matrix_W4,88.0,75.0,4526.51,13489.81,51.1,51.75,5572.55,1.0,1.0,1497.6,25287.48,84795793,9850265
2026-07-17 14:20:08,Qwen2.5-7B-Instruct,JSON_Extraction,0.5,CPU_Matrix_W4,43.0,46.0,4020.95,18213.74,50.56,51.19,4745.74,1.0,1.0,1497.6,5057.89,84488131,9834544
2026-07-17 14:20:42,Qwen2.5-7B-Instruct,JSON_Extraction,0.5,CPU_Matrix_W4,82.0,73.0,4758.93,13778.23,51.17,51.84,5948.2,1.0,1.0,1497.6,24250.27,85081986,9827787
2026-07-17 14:21:16,Qwen2.5-7B-Instruct,JSON_Extraction,0.5,CPU_Matrix_W4,50.0,78.0,4137.08,13413.25,50.91,51.47,5050.7,1.0,1.0,1497.6,4292.55,85111196,9747916
2026-07-17 14:21:31,Qwen2.5-7B-Instruct,JSON_Extraction,0.5,CPU_FFT_W4,3.0,77.0,4259.87,13517.25,50.37,51.06,3598.96,1.0,1.0,1323.43,36986.28,84397365,9732022
2026-07-17 14:21:46,Qwen2.5-7B-Instruct,JSON_Extraction,0.5,CPU_FFT_W4,27.0,77.0,3995.05,13534.6,49.72,51.0,1842.13,1.0,1.0,1029.87,9292.64,85856188,9760546
2026-07-17 14:22:01,Qwen2.5-7B-Instruct,JSON_Extraction,0.5,CPU_FFT_W4,37.0,78.0,4214.04,13467.38,49.93,50.94,2385.18,1.0,1.0,1110.12,7389.07,80256039,9697304
2026-07-17 14:22:16,Qwen2.5-7B-Instruct,JSON_Extraction,0.5,CPU_FFT_W4,55.0,74.0,4203.86,13653.98,51.05,51.56,5635.83,1.0,1.0,1491.04,33903.09,85972689,9971793
2026-07-17 14:22:32,Qwen2.5-7B-Instruct,JSON_Extraction,0.5,CPU_FFT_W4,4.0,76.0,4194.57,13605.58,49.78,50.44,2395.28,1.0,1.0,1061.27,4222.95,82497835,9729695
2026-07-17 14:22:47,Qwen2.5-7B-Instruct,JSON_Extraction,0.5,CPU_FFT_W4,41.0,77.0,4087.29,13491.22,49.92,50.94,2465.86,1.0,1.0,1157.71,9964.52,85337550,9733999
2026-07-17 14:23:02,Qwen2.5-7B-Instruct,JSON_Extraction,0.5,CPU_FFT_W4,60.0,17.0,4116.72,22745.18,49.92,51.28,3033.66,1.0,1.0,1248.8,31902.5,83873662,9878342
2026-07-17 14:23:17,Qwen2.5-7B-Instruct,JSON_Extraction,0.5,CPU_FFT_W4,37.0,78.0,4081.25,13432.22,50.02,50.81,2621.94,1.0,1.0,1255.09,5004.59,83838484,9775264
2026-07-17 14:23:33,Qwen2.5-7B-Instruct,JSON_Extraction,0.5,CPU_FFT_W4,35.0,77.0,4267.96,13470.24,49.88,50.84,2486.66,1.0,1.0,1102.42,14884.04,82065670,9722508
2026-07-17 14:23:48,Qwen2.5-7B-Instruct,JSON_Extraction,0.5,CPU_FFT_W4,32.0,77.0,4075.12,13501.57,49.54,50.59,1802.62,1.0,1.0,1031.26,15875.71,85802917,9731504
2026-07-17 14:24:22,Qwen2.5-7B-Instruct,JSON_Extraction,0.5,MEM_Stream_W4,99.0,19.0,4537.53,20598.62,51.28,52.06,4386.28,1.0,1.0,1497.6,5957.88,131674885,9885696
2026-07-17 14:24:56,Qwen2.5-7B-Instruct,JSON_Extraction,0.5,MEM_Stream_W4,51.0,1.0,4663.92,26315.44,51.36,52.53,4086.49,1.0,1.0,1497.6,12532.27,136364202,9909739
2026-07-17 14:25:30,Qwen2.5-7B-Instruct,JSON_Extraction,0.5,MEM_Stream_W4,25.0,44.0,5244.96,16070.62,51.89,52.69,4824.15,1.0,1.0,1497.6,14048.83,133715800,9918866
2026-07-17 14:26:04,Qwen2.5-7B-Instruct,JSON_Extraction,0.5,MEM_Stream_W4,96.0,35.0,4734.78,17231.17,52.25,52.75,4351.68,1.0,1.0,1497.6,4515.61,136145576,9863592
2026-07-17 14:26:38,Qwen2.5-7B-Instruct,JSON_Extraction,0.5,MEM_Stream_W4,27.0,25.0,4782.49,63418.31,52.53,53.38,4621.35,1.0,1.0,1497.6,18826.98,135342702,10070512
2026-07-17 14:27:12,Qwen2.5-7B-Instruct,JSON_Extraction,0.5,MEM_Stream_W4,60.0,43.0,4687.24,16324.88,52.31,53.28,4464.55,1.0,1.0,1497.6,6547.38,137676278,9813911
2026-07-17 14:27:46,Qwen2.5-7B-Instruct,JSON_Extraction,0.5,MEM_Stream_W4,8.0,47.0,4643.3,15962.49,52.38,53.22,3963.07,1.0,1.0,1481.43,3838.38,136795593,9841816
2026-07-17 14:28:20,Qwen2.5-7B-Instruct,JSON_Extraction,0.5,MEM_Stream_W4,8.0,40.0,5455.98,16370.14,53.05,53.84,5364.66,1.0,1.0,1497.44,21558.11,131847541,9950153
2026-07-17 14:28:54,Qwen2.5-7B-Instruct,JSON_Extraction,0.5,MEM_Stream_W4,54.0,17.0,4712.35,20695.93,52.79,53.62,4448.98,1.0,1.0,1497.6,5816.42,134706151,9888586
2026-07-17 14:29:28,Qwen2.5-7B-Instruct,JSON_Extraction,0.5,MEM_Stream_W4,72.0,58.0,4835.33,56696.71,52.93,53.81,4004.42,1.0,1.0,1493.26,15838.84,106239265,9938893
2026-07-17 14:30:02,Qwen2.5-7B-Instruct,JSON_Extraction,0.5,MEM_VM_W4,7.0,73.0,4460.45,13619.35,52.65,53.38,4064.54,1.0,1.0,1497.6,11623.64,96589563,9837872
2026-07-17 14:30:36,Qwen2.5-7B-Instruct,JSON_Extraction,0.5,MEM_VM_W4,33.0,73.0,4236.93,13692.7,52.22,53.12,3432.68,1.0,1.0,1460.71,4988.29,96239955,9712236
2026-07-17 14:31:10,Qwen2.5-7B-Instruct,JSON_Extraction,0.5,MEM_VM_W4,89.0,74.0,4489.91,13593.5,52.24,53.0,3908.53,1.0,1.0,1495.56,10416.53,96026058,9841400
2026-07-17 14:31:45,Qwen2.5-7B-Instruct,JSON_Extraction,0.5,MEM_VM_W4,80.0,73.0,4198.63,13735.0,51.92,53.06,3378.63,1.0,1.0,1497.6,3610.95,96148266,9765244
2026-07-17 14:32:19,Qwen2.5-7B-Instruct,JSON_Extraction,0.5,MEM_VM_W4,83.0,71.0,4715.61,13863.84,52.08,53.19,4113.69,1.0,1.0,1497.6,14886.12,97809113,9812766
2026-07-17 14:32:53,Qwen2.5-7B-Instruct,JSON_Extraction,0.5,MEM_VM_W4,79.0,72.0,4180.95,13781.86,51.93,52.69,3432.35,1.0,1.0,1497.6,3419.11,96099010,9777324
2026-07-17 14:33:28,Qwen2.5-7B-Instruct,JSON_Extraction,0.5,MEM_VM_W4,72.0,72.0,4847.27,13799.24,52.21,53.09,4438.88,1.0,1.0,1497.6,21945.92,98028233,9928057
2026-07-17 14:34:02,Qwen2.5-7B-Instruct,JSON_Extraction,0.5,MEM_VM_W4,9.0,73.0,4545.09,13709.87,51.77,52.47,3538.14,1.0,1.0,1497.6,3378.48,94996704,9818990
2026-07-17 14:34:36,Qwen2.5-7B-Instruct,JSON_Extraction,0.5,MEM_VM_W4,93.0,70.0,4612.38,13980.67,52.35,52.94,4682.75,1.0,1.0,1490.27,25759.11,97322974,9886718
2026-07-17 14:35:10,Qwen2.5-7B-Instruct,JSON_Extraction,0.5,MEM_VM_W4,66.0,73.0,4627.35,13784.88,52.08,52.75,4187.65,1.0,1.0,1455.63,4601.37,94168630,9918453
2026-07-17 14:35:45,Qwen2.5-7B-Instruct,JSON_Extraction,0.5,CACHE_L1_W4,24.0,73.0,4557.45,13739.58,51.99,52.53,4923.76,1.0,1.0,1497.6,22455.31,85283229,9896084
2026-07-17 14:36:19,Qwen2.5-7B-Instruct,JSON_Extraction,0.5,CACHE_L1_W4,25.0,78.0,3955.51,13520.24,51.12,51.81,3509.34,1.0,1.0,1497.6,4157.57,84461541,9719966
2026-07-17 14:36:55,Qwen2.5-7B-Instruct,JSON_Extraction,0.5,CACHE_L1_W4,28.0,76.0,4109.52,13555.01,51.18,52.25,4142.5,1.0,1.0,1497.6,14655.59,86454727,9767332
2026-07-17 14:37:30,Qwen2.5-7B-Instruct,JSON_Extraction,0.5,CACHE_L1_W4,17.0,78.0,3914.76,13444.47,51.11,51.84,3544.61,1.0,1.0,1497.6,4353.81,85394665,9764764
2026-07-17 14:38:05,Qwen2.5-7B-Instruct,JSON_Extraction,0.5,CACHE_L1_W4,6.0,77.0,4158.29,13556.56,50.88,51.94,3927.22,1.0,1.0,1423.46,10188.15,83514375,9783374
2026-07-17 14:38:39,Qwen2.5-7B-Instruct,JSON_Extraction,0.5,CACHE_L1_W4,91.0,74.0,3834.87,13706.5,50.48,51.78,3582.26,1.0,1.0,1497.6,6064.29,83523188,9764852
2026-07-17 14:39:14,Qwen2.5-7B-Instruct,JSON_Extraction,0.5,CACHE_L1_W4,78.0,77.0,4025.22,13440.88,50.93,51.56,4025.15,1.0,1.0,1497.6,7260.14,83550090,9812087
2026-07-17 14:39:49,Qwen2.5-7B-Instruct,JSON_Extraction,0.5,CACHE_L1_W4,46.0,76.0,3795.45,13580.74,50.68,51.69,3572.31,1.0,1.0,1497.6,5451.89,84473125,9741423
2026-07-17 14:40:24,Qwen2.5-7B-Instruct,JSON_Extraction,0.5,CACHE_L1_W4,55.0,77.0,4049.45,13547.23,50.8,51.44,4034.34,1.0,1.0,1468.97,7704.82,83425294,9752154
2026-07-17 14:40:58,Qwen2.5-7B-Instruct,JSON_Extraction,0.5,CACHE_L1_W4,99.0,59.0,3968.11,44244.82,50.53,51.59,4179.05,1.0,1.0,1497.6,16557.29,86660411,9880732
2026-07-17 14:41:32,Qwen2.5-7B-Instruct,JSON_Extraction,0.5,SCHED_Switch_W4,62.0,47.0,4124.63,17370.45,50.86,51.56,5261.01,1.0,1.0,1357.73,1748242.41,84186102,10035965
2026-07-17 14:42:06,Qwen2.5-7B-Instruct,JSON_Extraction,0.5,SCHED_Switch_W4,2.0,49.0,4083.11,66243.1,51.0,51.84,5393.11,1.0,1.0,1437.52,1571920.0,85147840,10107473
2026-07-17 14:42:40,Qwen2.5-7B-Instruct,JSON_Extraction,0.5,SCHED_Switch_W4,24.0,68.0,4254.92,14210.12,50.78,51.66,4903.73,1.0,1.0,1231.72,1650194.57,84331465,9930199
2026-07-17 14:43:14,Qwen2.5-7B-Instruct,JSON_Extraction,0.5,SCHED_Switch_W4,42.0,74.0,4222.93,13755.73,50.51,51.47,4203.38,1.0,1.0,1055.29,1595074.78,84626698,9830918
2026-07-17 14:43:49,Qwen2.5-7B-Instruct,JSON_Extraction,0.5,SCHED_Switch_W4,9.0,73.0,5036.07,13799.37,51.25,51.94,5934.44,1.0,1.0,1471.67,1568401.73,83093878,10050823
2026-07-17 14:44:23,Qwen2.5-7B-Instruct,JSON_Extraction,0.5,SCHED_Switch_W4,65.0,40.0,4095.62,19291.64,50.89,51.56,5157.07,1.0,1.0,1340.79,1696043.92,84071600,9965752
2026-07-17 14:44:57,Qwen2.5-7B-Instruct,JSON_Extraction,0.5,SCHED_Switch_W4,40.0,53.0,4033.71,52967.86,50.94,51.62,5508.66,1.0,1.0,1359.1,1571991.02,85595721,10101901
2026-07-17 14:45:31,Qwen2.5-7B-Instruct,JSON_Extraction,0.5,SCHED_Switch_W4,10.0,74.0,4170.22,13710.39,50.94,51.84,5196.42,1.0,1.0,1294.28,1762368.51,84858470,9913024
2026-07-17 14:46:05,Qwen2.5-7B-Instruct,JSON_Extraction,0.5,SCHED_Switch_W4,3.0,77.0,4116.0,13527.27,50.59,51.66,4525.64,1.0,1.0,1130.61,1703619.61,82156830,9800573
2026-07-17 14:46:39,Qwen2.5-7B-Instruct,JSON_Extraction,0.5,SCHED_Switch_W4,33.0,76.0,4444.85,13583.57,51.21,51.81,5982.12,1.0,1.0,1438.34,1624711.75,84993000,9982607
2026-07-17 14:46:51,Qwen2.5-7B-Instruct,JSON_Extraction,0.7,Baseline_NoStress,43.0,77.0,4266.49,13465.24,49.96,51.09,2395.32,1.0,1.0,1138.51,7685.53,82531252,9797023
2026-07-17 14:47:04,Qwen2.5-7B-Instruct,JSON_Extraction,0.7,Baseline_NoStress,83.0,20.0,4031.1,24837.29,50.12,51.44,2939.85,1.0,1.0,1265.07,26864.37,85842265,9761240
2026-07-17 14:47:18,Qwen2.5-7B-Instruct,JSON_Extraction,0.7,Baseline_NoStress,19.0,75.0,4228.82,13634.53,49.86,51.41,2488.76,1.0,1.0,1133.73,7099.13,83852553,9815464
2026-07-17 14:47:31,Qwen2.5-7B-Instruct,JSON_Extraction,0.7,Baseline_NoStress,55.0,46.0,4179.48,17748.95,50.04,51.31,2921.99,1.0,1.0,1234.4,33389.38,83501858,9868319
2026-07-17 14:47:44,Qwen2.5-7B-Instruct,JSON_Extraction,0.7,Baseline_NoStress,61.0,74.0,4130.67,13514.83,49.88,51.09,2351.29,1.0,1.0,1112.03,5729.13,85536979,9785611
2026-07-17 14:47:58,Qwen2.5-7B-Instruct,JSON_Extraction,0.7,Baseline_NoStress,95.0,77.0,4436.43,13485.74,50.36,51.09,4385.0,1.0,1.0,1379.65,35821.54,85074949,9777444
2026-07-17 14:48:11,Qwen2.5-7B-Instruct,JSON_Extraction,0.7,Baseline_NoStress,24.0,78.0,4238.38,13415.16,50.04,51.09,2648.34,1.0,1.0,1238.15,4352.9,82375423,9830664
2026-07-17 14:48:24,Qwen2.5-7B-Instruct,JSON_Extraction,0.7,Baseline_NoStress,64.0,77.0,4121.48,13401.91,50.16,51.09,3260.37,1.0,1.0,1318.58,37905.47,87125744,9794600
2026-07-17 14:48:37,Qwen2.5-7B-Instruct,JSON_Extraction,0.7,Baseline_NoStress,64.0,78.0,4189.02,13456.83,49.72,50.53,1998.18,1.0,1.0,1039.3,3938.5,82325035,9733070
2026-07-17 14:48:50,Qwen2.5-7B-Instruct,JSON_Extraction,0.7,Baseline_NoStress,44.0,77.0,4164.49,13552.81,49.9,50.72,2577.69,1.0,1.0,1172.2,17857.81,84355558,9795646
2026-07-17 14:49:25,Qwen2.5-7B-Instruct,JSON_Extraction,0.7,CPU_Matrix_W4,90.0,59.0,3916.77,47581.5,50.72,51.69,5065.64,1.0,1.0,1497.6,19073.05,83861520,9908586
2026-07-17 14:49:59,Qwen2.5-7B-Instruct,JSON_Extraction,0.7,CPU_Matrix_W4,37.0,44.0,4056.75,18671.51,50.79,51.44,4600.43,1.0,1.0,1496.71,5967.71,84179918,9806696
2026-07-17 14:50:33,Qwen2.5-7B-Instruct,JSON_Extraction,0.7,CPU_Matrix_W4,39.0,51.0,4154.67,50241.19,50.84,51.75,4899.82,1.0,1.0,1497.51,21283.88,83763137,9950195
2026-07-17 14:51:07,Qwen2.5-7B-Instruct,JSON_Extraction,0.7,CPU_Matrix_W4,34.0,45.0,4062.77,17660.47,50.66,51.62,4634.39,1.0,1.0,1497.6,5535.94,83445814,9761386
2026-07-17 14:51:41,Qwen2.5-7B-Instruct,JSON_Extraction,0.7,CPU_Matrix_W4,1.0,40.0,4790.83,18164.09,51.35,51.78,6229.61,1.0,1.0,1497.6,22785.57,85080622,10229878
2026-07-17 14:52:15,Qwen2.5-7B-Instruct,JSON_Extraction,0.7,CPU_Matrix_W4,14.0,43.0,4055.4,18810.58,50.65,51.28,4674.41,1.0,1.0,1497.56,5162.59,82842894,9780432
2026-07-17 14:52:49,Qwen2.5-7B-Instruct,JSON_Extraction,0.7,CPU_Matrix_W4,35.0,72.0,5255.19,13911.53,51.04,51.69,5644.72,1.0,1.0,1492.55,23249.38,85532544,9955460
2026-07-17 14:53:23,Qwen2.5-7B-Instruct,JSON_Extraction,0.7,CPU_Matrix_W4,10.0,78.0,4169.34,13511.02,50.95,51.59,5109.0,1.0,1.0,1496.01,4036.4,84345831,9809739
2026-07-17 14:53:57,Qwen2.5-7B-Instruct,JSON_Extraction,0.7,CPU_Matrix_W4,51.0,75.0,4422.24,13629.33,51.1,51.66,5603.93,1.0,1.0,1497.6,25030.49,83059277,9819018
2026-07-17 14:54:31,Qwen2.5-7B-Instruct,JSON_Extraction,0.7,CPU_Matrix_W4,51.0,78.0,3972.09,13481.38,50.5,51.56,4220.64,1.0,1.0,1497.6,4176.88,83307041,9693657
2026-07-17 14:54:47,Qwen2.5-7B-Instruct,JSON_Extraction,0.7,CPU_FFT_W4,86.0,77.0,4172.51,13500.06,50.18,50.94,3214.78,1.0,1.0,1267.58,35584.81,83322259,9793326
2026-07-17 14:55:02,Qwen2.5-7B-Instruct,JSON_Extraction,0.7,CPU_FFT_W4,12.0,78.0,4033.38,13474.01,49.75,50.75,1879.39,1.0,1.0,1054.96,4886.87,83700251,9746977
2026-07-17 14:55:17,Qwen2.5-7B-Instruct,JSON_Extraction,0.7,CPU_FFT_W4,77.0,68.0,4234.54,14232.57,49.97,51.28,2524.15,1.0,1.0,1126.4,7908.59,81810183,9786295
2026-07-17 14:55:32,Qwen2.5-7B-Instruct,JSON_Extraction,0.7,CPU_FFT_W4,74.0,77.0,4367.72,13509.93,50.52,51.09,4562.08,1.0,1.0,1424.5,37620.14,82456842,9787781
2026-07-17 14:55:47,Qwen2.5-7B-Instruct,JSON_Extraction,0.7,CPU_FFT_W4,5.0,78.0,4176.9,13463.76,49.68,50.75,1856.02,1.0,1.0,1037.42,4341.55,81986973,9744818
2026-07-17 14:56:03,Qwen2.5-7B-Instruct,JSON_Extraction,0.7,CPU_FFT_W4,66.0,78.0,4197.42,13469.67,49.9,50.84,2485.41,1.0,1.0,1147.55,8083.45,83341068,9707677
2026-07-17 14:56:18,Qwen2.5-7B-Instruct,JSON_Extraction,0.7,CPU_FFT_W4,41.0,12.0,4120.76,29556.83,50.07,51.38,2964.57,1.0,1.0,1255.4,27125.02,84069054,9816768
2026-07-17 14:56:33,Qwen2.5-7B-Instruct,JSON_Extraction,0.7,CPU_FFT_W4,68.0,78.0,4119.54,13343.27,49.89,51.22,2425.37,1.0,1.0,1181.94,5693.95,83018135,9683475
2026-07-17 14:56:49,Qwen2.5-7B-Instruct,JSON_Extraction,0.7,CPU_FFT_W4,66.0,77.0,4307.88,13465.87,50.03,50.72,3141.53,1.0,1.0,1245.17,26946.36,88028436,9807109
2026-07-17 14:57:04,Qwen2.5-7B-Instruct,JSON_Extraction,0.7,CPU_FFT_W4,42.0,77.0,3995.25,13537.99,49.57,50.69,1833.33,1.0,1.0,1010.27,5151.31,84256152,9735151
2026-07-17 14:57:38,Qwen2.5-7B-Instruct,JSON_Extraction,0.7,MEM_Stream_W4,60.0,45.0,4728.59,16015.17,51.1,51.84,4396.0,1.0,1.0,1497.6,6183.71,134078935,9846019
2026-07-17 14:58:12,Qwen2.5-7B-Instruct,JSON_Extraction,0.7,MEM_Stream_W4,63.0,40.0,4628.4,16403.17,51.57,52.44,4037.68,1.0,1.0,1497.6,4474.32,139003633,9831904
2026-07-17 14:58:46,Qwen2.5-7B-Instruct,JSON_Extraction,0.7,MEM_Stream_W4,14.0,45.0,5315.91,15775.45,52.15,53.06,4988.42,1.0,1.0,1497.6,21649.22,135324632,10038933
2026-07-17 14:59:20,Qwen2.5-7B-Instruct,JSON_Extraction,0.7,MEM_Stream_W4,16.0,26.0,4631.0,19156.82,52.25,53.09,4399.11,1.0,1.0,1497.6,4947.07,130620985,9814370
2026-07-17 14:59:54,Qwen2.5-7B-Instruct,JSON_Extraction,0.7,MEM_Stream_W4,92.0,21.0,4710.3,60202.39,52.22,53.38,4675.76,1.0,1.0,1497.6,17376.49,139048874,10010205
2026-07-17 15:00:28,Qwen2.5-7B-Instruct,JSON_Extraction,0.7,MEM_Stream_W4,5.0,47.0,5074.27,15884.52,52.51,53.19,4422.44,1.0,1.0,1497.6,8867.16,132848709,9885167
2026-07-17 15:01:02,Qwen2.5-7B-Instruct,JSON_Extraction,0.7,MEM_Stream_W4,55.0,48.0,4766.7,15755.71,52.48,53.31,4112.89,1.0,1.0,1496.32,4133.38,134747951,9828215
2026-07-17 15:01:36,Qwen2.5-7B-Instruct,JSON_Extraction,0.7,MEM_Stream_W4,76.0,41.0,6289.42,16390.42,52.99,53.75,5475.06,1.0,1.0,1497.6,19750.78,137944263,10064677
2026-07-17 15:02:10,Qwen2.5-7B-Instruct,JSON_Extraction,0.7,MEM_Stream_W4,88.0,19.0,4699.7,20911.33,52.75,53.81,4427.21,1.0,1.0,1497.6,5998.47,132248813,9899314
2026-07-17 15:02:44,Qwen2.5-7B-Instruct,JSON_Extraction,0.7,MEM_Stream_W4,98.0,40.0,4608.9,16475.63,52.72,53.81,4061.71,1.0,1.0,1497.6,8720.01,136384023,9924959
2026-07-17 15:03:18,Qwen2.5-7B-Instruct,JSON_Extraction,0.7,MEM_VM_W4,44.0,73.0,4762.17,13739.21,52.77,53.47,4309.46,1.0,1.0,1469.32,15513.33,98579567,9835796
2026-07-17 15:03:52,Qwen2.5-7B-Instruct,JSON_Extraction,0.7,MEM_VM_W4,22.0,73.0,4657.56,13799.59,52.03,52.66,3577.67,1.0,1.0,1446.47,3856.38,96597557,9759380
2026-07-17 15:04:27,Qwen2.5-7B-Instruct,JSON_Extraction,0.7,MEM_VM_W4,32.0,67.0,4742.74,14247.4,52.42,53.16,4619.54,1.0,1.0,1497.6,25779.02,98365234,9870233
2026-07-17 15:05:01,Qwen2.5-7B-Instruct,JSON_Extraction,0.7,MEM_VM_W4,4.0,73.0,4437.76,13767.26,52.01,52.81,3792.56,1.0,1.0,1497.6,3786.76,96298994,9872297
2026-07-17 15:05:35,Qwen2.5-7B-Instruct,JSON_Extraction,0.7,MEM_VM_W4,16.0,68.0,4886.01,14074.25,52.46,53.06,4779.82,1.0,1.0,1495.74,23098.79,99386257,9902111
2026-07-17 15:06:09,Qwen2.5-7B-Instruct,JSON_Extraction,0.7,MEM_VM_W4,81.0,54.0,4412.55,15479.71,52.11,52.75,3935.43,1.0,1.0,1497.6,5194.69,96942383,9819829
2026-07-17 15:06:43,Qwen2.5-7B-Instruct,JSON_Extraction,0.7,MEM_VM_W4,14.0,72.0,5304.62,13609.05,52.38,53.03,4750.1,1.0,1.0,1491.0,23406.12,96509007,9943567
2026-07-17 15:07:18,Qwen2.5-7B-Instruct,JSON_Extraction,0.7,MEM_VM_W4,44.0,45.0,4231.45,16939.52,52.01,52.62,3790.56,1.0,1.0,1497.6,4556.8,95653594,9805663
2026-07-17 15:07:52,Qwen2.5-7B-Instruct,JSON_Extraction,0.7,MEM_VM_W4,59.0,70.0,5491.41,13846.15,52.39,53.03,5061.4,1.0,1.0,1497.6,22556.91,96850605,9959281
2026-07-17 15:08:26,Qwen2.5-7B-Instruct,JSON_Extraction,0.7,MEM_VM_W4,68.0,42.0,4332.97,18262.42,51.92,52.72,3773.73,1.0,1.0,1497.6,5070.77,96298066,9781896
2026-07-17 15:09:00,Qwen2.5-7B-Instruct,JSON_Extraction,0.7,CACHE_L1_W4,72.0,23.0,4735.7,20538.13,52.05,52.81,4537.76,1.0,1.0,1497.6,21053.88,84571929,10067276
2026-07-17 15:09:35,Qwen2.5-7B-Instruct,JSON_Extraction,0.7,CACHE_L1_W4,53.0,60.0,4085.43,14962.47,51.27,52.06,3992.97,1.0,1.0,1497.6,4667.02,85368408,9786092
2026-07-17 15:10:10,Qwen2.5-7B-Instruct,JSON_Extraction,0.7,CACHE_L1_W4,65.0,70.0,4510.79,14126.75,51.58,52.22,4830.91,1.0,1.0,1496.98,24099.54,84539542,9907180
2026-07-17 15:10:45,Qwen2.5-7B-Instruct,JSON_Extraction,0.7,CACHE_L1_W4,28.0,76.0,4054.13,13552.47,51.2,51.88,3482.69,1.0,1.0,1497.6,4274.17,86192335,9737547
2026-07-17 15:11:19,Qwen2.5-7B-Instruct,JSON_Extraction,0.7,CACHE_L1_W4,43.0,77.0,4358.62,13563.29,50.92,51.72,4248.7,1.0,1.0,1497.6,13795.29,85253242,9802183
2026-07-17 15:11:54,Qwen2.5-7B-Instruct,JSON_Extraction,0.7,CACHE_L1_W4,23.0,76.0,3790.45,13532.53,50.87,51.78,3555.92,1.0,1.0,1497.6,4873.17,83291918,9751165
2026-07-17 15:12:29,Qwen2.5-7B-Instruct,JSON_Extraction,0.7,CACHE_L1_W4,71.0,77.0,4011.81,13410.12,51.14,51.88,4045.4,1.0,1.0,1477.34,9179.74,84877754,9803383
2026-07-17 15:13:04,Qwen2.5-7B-Instruct,JSON_Extraction,0.7,CACHE_L1_W4,50.0,70.0,3974.59,44860.83,50.67,51.78,3739.75,1.0,1.0,1497.6,17470.79,85613146,9928429
2026-07-17 15:13:38,Qwen2.5-7B-Instruct,JSON_Extraction,0.7,CACHE_L1_W4,70.0,76.0,4026.97,13592.67,50.78,51.72,3959.52,1.0,1.0,1497.6,7150.81,84752836,9765734
2026-07-17 15:14:13,Qwen2.5-7B-Instruct,JSON_Extraction,0.7,CACHE_L1_W4,34.0,58.0,4037.78,39646.73,50.81,51.75,4291.77,1.0,1.0,1497.6,18356.83,84120359,9888310
2026-07-17 15:14:47,Qwen2.5-7B-Instruct,JSON_Extraction,0.7,SCHED_Switch_W4,20.0,45.0,4136.58,18333.71,50.99,51.81,5160.11,1.0,1.0,1284.3,1702609.68,84233722,9920021
2026-07-17 15:15:21,Qwen2.5-7B-Instruct,JSON_Extraction,0.7,SCHED_Switch_W4,89.0,46.0,3965.58,67341.4,51.11,51.84,5401.81,1.0,1.0,1347.43,1641308.9,84653250,10037595
2026-07-17 15:15:55,Qwen2.5-7B-Instruct,JSON_Extraction,0.7,SCHED_Switch_W4,31.0,76.0,4118.58,13588.58,51.05,51.81,5309.57,1.0,1.0,1340.61,1712887.74,84448531,9849705
2026-07-17 15:16:29,Qwen2.5-7B-Instruct,JSON_Extraction,0.7,SCHED_Switch_W4,71.0,77.0,4077.91,13524.59,50.56,51.56,4339.24,1.0,1.0,1129.28,1688662.04,85441914,9855555
2026-07-17 15:17:03,Qwen2.5-7B-Instruct,JSON_Extraction,0.7,SCHED_Switch_W4,56.0,77.0,4478.39,13533.75,51.26,51.88,5934.25,1.0,1.0,1371.7,1648166.31,84123708,10010832
2026-07-17 15:17:37,Qwen2.5-7B-Instruct,JSON_Extraction,0.7,SCHED_Switch_W4,90.0,47.0,4060.06,17836.61,50.87,51.53,5144.93,1.0,1.0,1267.36,1692791.49,84174489,9965619
2026-07-17 15:18:11,Qwen2.5-7B-Instruct,JSON_Extraction,0.7,SCHED_Switch_W4,76.0,48.0,3996.46,50157.8,50.87,51.75,5054.75,1.0,1.0,1285.36,1551435.37,85109547,10119590
2026-07-17 15:18:45,Qwen2.5-7B-Instruct,JSON_Extraction,0.7,SCHED_Switch_W4,61.0,71.0,4166.62,13946.91,50.88,51.56,5154.5,1.0,1.0,1341.12,1688312.43,84107862,9966433
2026-07-17 15:19:19,Qwen2.5-7B-Instruct,JSON_Extraction,0.7,SCHED_Switch_W4,86.0,78.0,4271.84,13482.0,50.38,51.69,4202.46,1.0,1.0,1026.95,1639209.98,79223012,9752535
2026-07-17 15:19:53,Qwen2.5-7B-Instruct,JSON_Extraction,0.7,SCHED_Switch_W4,76.0,73.0,5150.76,13747.5,51.1,51.72,5860.15,1.0,1.0,1466.86,1605228.94,85443090,10063256
2026-07-17 15:20:05,Qwen2.5-7B-Instruct,JSON_Extraction,1.0,Baseline_NoStress,25.0,77.0,3992.18,13522.72,49.99,50.78,2486.15,1.0,1.0,1151.53,7578.62,83143138,9756064
2026-07-17 15:20:19,Qwen2.5-7B-Instruct,JSON_Extraction,1.0,Baseline_NoStress,5.0,16.0,4037.77,24837.79,49.89,51.5,2579.72,1.0,1.0,1226.59,25168.69,82976431,9826282
2026-07-17 15:20:32,Qwen2.5-7B-Instruct,JSON_Extraction,1.0,Baseline_NoStress,95.0,77.0,4056.6,13479.61,49.84,50.59,2516.95,1.0,1.0,1163.96,7209.46,83835535,9749809
2026-07-17 15:20:46,Qwen2.5-7B-Instruct,JSON_Extraction,1.0,Baseline_NoStress,80.0,27.0,4133.04,20409.21,49.96,51.34,3017.68,1.0,1.0,1277.12,30907.17,85803777,9841659
2026-07-17 15:20:59,Qwen2.5-7B-Instruct,JSON_Extraction,1.0,Baseline_NoStress,96.0,70.0,4135.95,14056.86,49.76,50.88,2464.15,1.0,1.0,1132.05,6783.4,83597079,9861460
2026-07-17 15:21:12,Qwen2.5-7B-Instruct,JSON_Extraction,1.0,Baseline_NoStress,96.0,65.0,4156.74,14379.22,50.69,51.5,4299.09,1.0,1.0,1464.23,32587.51,84034937,9934450
2026-07-17 15:21:25,Qwen2.5-7B-Instruct,JSON_Extraction,1.0,Baseline_NoStress,27.0,77.0,4113.42,13309.24,49.73,51.09,2473.94,1.0,1.0,1138.11,5538.28,84659804,9730850
2026-07-17 15:21:38,Qwen2.5-7B-Instruct,JSON_Extraction,1.0,Baseline_NoStress,92.0,77.0,4407.04,13502.36,50.34,51.03,4381.96,1.0,1.0,1415.84,38424.38,84069620,9812574
2026-07-17 15:21:52,Qwen2.5-7B-Instruct,JSON_Extraction,1.0,Baseline_NoStress,74.0,78.0,4093.91,13436.37,49.95,50.88,2669.14,1.0,1.0,1254.53,4442.1,83838910,9840641
2026-07-17 15:22:05,Qwen2.5-7B-Instruct,JSON_Extraction,1.0,Baseline_NoStress,55.0,77.0,4221.0,13475.68,49.99,50.69,3464.48,1.0,1.0,1290.25,38347.35,84778418,9773850
2026-07-17 15:22:40,Qwen2.5-7B-Instruct,JSON_Extraction,1.0,CPU_Matrix_W4,77.0,76.0,3927.55,13521.43,50.23,51.66,4160.11,1.0,1.0,1497.6,4674.88,85720105,9709734
2026-07-17 15:23:14,Qwen2.5-7B-Instruct,JSON_Extraction,1.0,CPU_Matrix_W4,94.0,77.0,4059.98,13542.92,50.68,51.47,4709.25,1.0,1.0,1497.6,10014.24,85167165,9810003
2026-07-17 15:23:48,Qwen2.5-7B-Instruct,JSON_Extraction,1.0,CPU_Matrix_W4,42.0,75.0,3898.03,13665.37,50.34,51.56,4223.08,1.0,1.0,1497.6,4778.12,85427824,9792698
2026-07-17 15:24:22,Qwen2.5-7B-Instruct,JSON_Extraction,1.0,CPU_Matrix_W4,51.0,76.0,4079.71,13533.74,50.76,51.47,4683.39,1.0,1.0,1497.6,9241.23,85673403,9784587
2026-07-17 15:24:56,Qwen2.5-7B-Instruct,JSON_Extraction,1.0,CPU_Matrix_W4,70.0,75.0,3923.76,13575.68,50.42,51.44,4171.69,1.0,1.0,1497.6,5836.36,84143804,9713545
2026-07-17 15:25:30,Qwen2.5-7B-Instruct,JSON_Extraction,1.0,CPU_Matrix_W4,99.0,77.0,4086.6,13549.11,50.66,51.56,4655.15,1.0,1.0,1416.75,9065.22,84112178,9791830
2026-07-17 15:26:04,Qwen2.5-7B-Instruct,JSON_Extraction,1.0,CPU_Matrix_W4,0.0,77.0,3915.58,13600.75,50.3,51.5,4191.81,1.0,1.0,1497.6,4119.13,83703534,9704901
2026-07-17 15:26:38,Qwen2.5-7B-Instruct,JSON_Extraction,1.0,CPU_Matrix_W4,99.0,77.0,4276.12,13465.52,50.59,51.5,4766.87,1.0,1.0,1497.6,12576.74,86048584,9722180
2026-07-17 15:27:12,Qwen2.5-7B-Instruct,JSON_Extraction,1.0,CPU_Matrix_W4,47.0,78.0,4035.21,13434.7,50.59,51.38,4313.4,1.0,1.0,1497.6,3206.45,83459772,9724064
2026-07-17 15:27:46,Qwen2.5-7B-Instruct,JSON_Extraction,1.0,CPU_Matrix_W4,8.0,71.0,4318.09,13955.34,50.76,51.5,5325.78,1.0,1.0,1497.6,23581.06,85006487,9859464
2026-07-17 15:28:01,Qwen2.5-7B-Instruct,JSON_Extraction,1.0,CPU_FFT_W4,53.0,78.0,4142.38,13453.77,50.06,51.0,3029.9,1.0,1.0,1290.56,4569.35,83094884,9786847
2026-07-17 15:28:16,Qwen2.5-7B-Instruct,JSON_Extraction,1.0,CPU_FFT_W4,26.0,77.0,4176.57,13496.11,49.78,50.59,2587.13,1.0,1.0,1143.78,11496.59,83383627,9750431
2026-07-17 15:28:32,Qwen2.5-7B-Instruct,JSON_Extraction,1.0,CPU_FFT_W4,15.0,14.0,4123.73,26298.38,49.9,51.44,3047.15,1.0,1.0,1265.1,29352.79,86599472,9888506
2026-07-17 15:28:47,Qwen2.5-7B-Instruct,JSON_Extraction,1.0,CPU_FFT_W4,58.0,75.0,4136.23,13684.99,49.67,50.75,2541.6,1.0,1.0,1155.23,5498.49,84040721,9723590
2026-07-17 15:29:02,Qwen2.5-7B-Instruct,JSON_Extraction,1.0,CPU_FFT_W4,2.0,77.0,4444.04,13500.64,49.8,50.5,2901.54,1.0,1.0,1159.53,18092.68,80591666,9783091
2026-07-17 15:29:18,Qwen2.5-7B-Instruct,JSON_Extraction,1.0,CPU_FFT_W4,55.0,76.0,4231.01,13565.11,49.44,50.66,1737.69,1.0,1.0,1000.99,6551.79,81442695,9731124
2026-07-17 15:29:33,Qwen2.5-7B-Instruct,JSON_Extraction,1.0,CPU_FFT_W4,70.0,77.0,4132.49,13504.94,49.6,50.44,2450.52,1.0,1.0,1138.29,7089.98,82810322,9833592
2026-07-17 15:29:48,Qwen2.5-7B-Instruct,JSON_Extraction,1.0,CPU_FFT_W4,74.0,76.0,4144.96,13542.83,50.77,51.31,5269.49,1.0,1.0,1495.74,35548.56,84516068,9929842
2026-07-17 15:30:03,Qwen2.5-7B-Instruct,JSON_Extraction,1.0,CPU_FFT_W4,11.0,78.0,4186.79,13476.51,49.55,50.5,2887.57,1.0,1.0,1060.81,4034.27,81798740,9713655
2026-07-17 15:30:18,Qwen2.5-7B-Instruct,JSON_Extraction,1.0,CPU_FFT_W4,80.0,77.0,4211.88,13477.58,49.63,50.62,2410.4,1.0,1.0,1124.87,10586.52,82351952,9728330
2026-07-17 15:30:52,Qwen2.5-7B-Instruct,JSON_Extraction,1.0,MEM_Stream_W4,94.0,30.0,5041.98,58857.46,50.7,52.0,4580.75,1.0,1.0,1497.6,18406.5,139558680,10101657
2026-07-17 15:31:26,Qwen2.5-7B-Instruct,JSON_Extraction,1.0,MEM_Stream_W4,43.0,56.0,4615.8,14956.18,51.24,51.88,4437.45,1.0,1.0,1497.2,7172.95,111646881,9876217
2026-07-17 15:32:00,Qwen2.5-7B-Instruct,JSON_Extraction,1.0,MEM_Stream_W4,86.0,58.0,4619.13,15013.03,51.5,52.31,3936.78,1.0,1.0,1470.69,3878.83,116183345,9807769
2026-07-17 15:32:34,Qwen2.5-7B-Instruct,JSON_Extraction,1.0,MEM_Stream_W4,98.0,39.0,5540.01,16440.22,52.16,52.78,5415.4,1.0,1.0,1497.6,22652.59,132785009,10019195
2026-07-17 15:33:08,Qwen2.5-7B-Instruct,JSON_Extraction,1.0,MEM_Stream_W4,72.0,19.0,4645.06,20639.49,52.04,52.69,4430.61,1.0,1.0,1497.6,5748.27,136006567,9892342
2026-07-17 15:33:42,Qwen2.5-7B-Instruct,JSON_Extraction,1.0,MEM_Stream_W4,65.0,48.0,4646.77,64646.89,52.13,53.38,4244.77,1.0,1.0,1497.6,17016.86,137586525,9987091
2026-07-17 15:34:16,Qwen2.5-7B-Instruct,JSON_Extraction,1.0,MEM_Stream_W4,93.0,45.0,5129.06,16063.29,52.43,53.28,4642.35,1.0,1.0,1497.6,13518.15,139557063,9930617
2026-07-17 15:34:50,Qwen2.5-7B-Instruct,JSON_Extraction,1.0,MEM_Stream_W4,22.0,48.0,4790.64,15897.83,52.26,52.94,4301.94,1.0,1.0,1497.6,4458.17,133071824,9905526
2026-07-17 15:35:24,Qwen2.5-7B-Instruct,JSON_Extraction,1.0,MEM_Stream_W4,76.0,39.0,4979.32,58830.03,52.48,53.47,4577.47,1.0,1.0,1497.6,22909.76,138576715,10077232
2026-07-17 15:35:58,Qwen2.5-7B-Instruct,JSON_Extraction,1.0,MEM_Stream_W4,97.0,47.0,4528.04,15868.82,52.79,53.28,4333.06,1.0,1.0,1384.26,6569.28,134005045,9805083
2026-07-17 15:36:32,Qwen2.5-7B-Instruct,JSON_Extraction,1.0,MEM_VM_W4,45.0,74.0,4244.13,13675.95,52.02,53.03,3400.36,1.0,1.0,1497.6,4004.34,95448152,9769570
2026-07-17 15:37:06,Qwen2.5-7B-Instruct,JSON_Extraction,1.0,MEM_VM_W4,98.0,70.0,4637.8,13939.63,52.26,53.03,4186.83,1.0,1.0,1497.6,12666.67,97640370,9855869
2026-07-17 15:37:41,Qwen2.5-7B-Instruct,JSON_Extraction,1.0,MEM_VM_W4,12.0,73.0,4336.8,13745.21,51.57,52.19,3538.97,1.0,1.0,1497.6,3526.68,97167435,9783014
2026-07-17 15:38:15,Qwen2.5-7B-Instruct,JSON_Extraction,1.0,MEM_VM_W4,56.0,69.0,5271.63,13984.1,52.37,52.75,5087.54,1.0,1.0,1497.6,28112.34,97359788,9958390
2026-07-17 15:38:49,Qwen2.5-7B-Instruct,JSON_Extraction,1.0,MEM_VM_W4,10.0,44.0,4205.95,17545.86,51.85,52.44,3753.84,1.0,1.0,1496.4,4689.22,96617400,9771837
2026-07-17 15:39:24,Qwen2.5-7B-Instruct,JSON_Extraction,1.0,MEM_VM_W4,68.0,65.0,5696.03,14107.99,52.25,52.69,5089.76,1.0,1.0,1497.6,21388.55,96938135,9962837
2026-07-17 15:39:58,Qwen2.5-7B-Instruct,JSON_Extraction,1.0,MEM_VM_W4,1.0,73.0,4553.06,13813.21,51.95,52.72,4209.38,1.0,1.0,1497.6,4539.77,94899095,9918990
2026-07-17 15:40:32,Qwen2.5-7B-Instruct,JSON_Extraction,1.0,MEM_VM_W4,77.0,69.0,4960.09,14010.54,51.95,52.5,4713.95,1.0,1.0,1497.33,23348.04,96962767,9948930
2026-07-17 15:41:06,Qwen2.5-7B-Instruct,JSON_Extraction,1.0,MEM_VM_W4,91.0,40.0,4318.66,17453.86,51.61,52.34,3806.08,1.0,1.0,1497.25,5044.69,95794913,9859257
2026-07-17 15:41:40,Qwen2.5-7B-Instruct,JSON_Extraction,1.0,MEM_VM_W4,53.0,71.0,5665.74,13383.73,52.13,52.78,5044.44,1.0,1.0,1496.96,21891.95,95500553,9986971
2026-07-17 15:42:15,Qwen2.5-7B-Instruct,JSON_Extraction,1.0,CACHE_L1_W4,33.0,77.0,4091.57,13435.67,51.56,52.22,3994.12,1.0,1.0,1497.6,4805.63,84635547,9809618
2026-07-17 15:42:50,Qwen2.5-7B-Instruct,JSON_Extraction,1.0,CACHE_L1_W4,27.0,74.0,4409.26,13693.25,51.43,52.31,4865.24,1.0,1.0,1497.6,24607.76,85396060,9973109
2026-07-17 15:43:25,Qwen2.5-7B-Instruct,JSON_Extraction,1.0,CACHE_L1_W4,20.0,78.0,4001.74,13466.58,50.88,51.81,3541.31,1.0,1.0,1497.6,4558.71,85283098,9727333
2026-07-17 15:43:59,Qwen2.5-7B-Instruct,JSON_Extraction,1.0,CACHE_L1_W4,50.0,77.0,4142.93,13514.15,50.79,51.78,4079.08,1.0,1.0,1497.6,11858.47,84092521,9760953
2026-07-17 15:44:34,Qwen2.5-7B-Instruct,JSON_Extraction,1.0,CACHE_L1_W4,44.0,76.0,3802.37,13562.03,50.39,51.59,3579.02,1.0,1.0,1497.6,5538.92,84186759,9718771
2026-07-17 15:45:09,Qwen2.5-7B-Instruct,JSON_Extraction,1.0,CACHE_L1_W4,57.0,76.0,4089.81,13448.24,50.54,51.56,3995.05,1.0,1.0,1497.6,8607.27,83787898,9843035
2026-07-17 15:45:44,Qwen2.5-7B-Instruct,JSON_Extraction,1.0,CACHE_L1_W4,44.0,55.0,3936.17,46445.54,50.39,51.66,3937.91,1.0,1.0,1497.25,15383.65,83746033,9947320
2026-07-17 15:46:18,Qwen2.5-7B-Instruct,JSON_Extraction,1.0,CACHE_L1_W4,84.0,44.0,4017.73,18381.2,50.63,51.28,4001.59,1.0,1.0,1497.6,6599.38,84320314,9766639
2026-07-17 15:46:53,Qwen2.5-7B-Instruct,JSON_Extraction,1.0,CACHE_L1_W4,71.0,55.0,3997.63,55110.32,50.54,51.53,4243.91,1.0,1.0,1476.19,18380.65,84928043,9938714
2026-07-17 15:47:28,Qwen2.5-7B-Instruct,JSON_Extraction,1.0,CACHE_L1_W4,50.0,49.0,3944.23,17302.32,50.21,51.16,3978.04,1.0,1.0,1497.6,5116.29,84611181,9795512
2026-07-17 15:48:02,Qwen2.5-7B-Instruct,JSON_Extraction,1.0,SCHED_Switch_W4,64.0,76.0,4980.49,13497.4,50.8,51.47,5791.38,1.0,1.0,1380.69,1658516.4,84713361,10054431
2026-07-17 15:48:36,Qwen2.5-7B-Instruct,JSON_Extraction,1.0,SCHED_Switch_W4,68.0,47.0,4103.88,17589.07,50.65,51.19,5273.2,1.0,1.0,1356.73,1739290.94,83643608,9893184
2026-07-17 15:49:10,Qwen2.5-7B-Instruct,JSON_Extraction,1.0,SCHED_Switch_W4,30.0,59.0,4025.56,37950.69,50.75,51.56,5581.8,1.0,1.0,1364.88,1609514.24,85544551,9945728
2026-07-17 15:49:44,Qwen2.5-7B-Instruct,JSON_Extraction,1.0,SCHED_Switch_W4,80.0,74.0,4030.03,13685.89,50.63,51.34,5241.43,1.0,1.0,1298.49,1712901.01,86241135,9955103
2026-07-17 15:50:18,Qwen2.5-7B-Instruct,JSON_Extraction,1.0,SCHED_Switch_W4,1.0,70.0,4075.84,14016.1,50.21,51.28,4255.48,1.0,1.0,1091.85,1596455.56,81648051,9813254
2026-07-17 15:50:52,Qwen2.5-7B-Instruct,JSON_Extraction,1.0,SCHED_Switch_W4,51.0,68.0,4403.54,14182.85,50.9,51.41,5870.18,1.0,1.0,1396.95,1603515.6,84696278,10038684
2026-07-17 15:51:26,Qwen2.5-7B-Instruct,JSON_Extraction,1.0,SCHED_Switch_W4,57.0,58.0,4168.64,15277.42,50.56,51.19,5194.62,1.0,1.0,1279.8,1733634.76,83237225,9963446
2026-07-17 15:52:00,Qwen2.5-7B-Instruct,JSON_Extraction,1.0,SCHED_Switch_W4,38.0,45.0,4098.17,52368.16,50.58,51.66,5372.78,1.0,1.0,1360.45,1547227.67,84901283,10093207
2026-07-17 15:52:34,Qwen2.5-7B-Instruct,JSON_Extraction,1.0,SCHED_Switch_W4,55.0,68.0,4082.64,13675.4,50.61,51.22,5356.87,1.0,1.0,1360.3,1656508.16,86073555,9988577
2026-07-17 15:53:08,Qwen2.5-7B-Instruct,JSON_Extraction,1.0,SCHED_Switch_W4,31.0,75.0,4199.06,13675.6,50.16,51.38,4197.79,1.0,1.0,1052.5,1612695.93,83925079,9883598
